Timestamp,Mood,Energy,Note
2025-11-24 20:47,Flowing,5,Wrote 300 words for thesis.
2025-11-25 19:42,Anxious,4,Completed morning routine despite low energy.
2025-11-25 18:54,Stuck,3,Set up the alarm for early morning run.
2025-11-26 22:37,Tired,5,Did a micro-meditation session.
2025-11-27 23:21,Energetic,5,Cleaned the desk to prepare for tomorrow.
2025-11-28 20:31,Stuck,6,Completed 10 pushups despite feeling tired.
2025-11-29 18:01,Motivated,7,Set up the alarm for early morning run.
2025-11-29 23:35,Energetic,5,Almost gave up but Starter helped me do 1 rep.
2025-11-30 20:22,Flowing,7,Cleaned the desk to prepare for tomorrow.
